{
  "graphify-out\\converted\\Base de Dados_9e84c929.md": 1776304089.3383524,
  "CLAUDE.md": 1776119217.4044213,
  "graphify-out\\converted\\Cronograma_bc2cdaac.md": 1776304089.386063,
  "Aulas\\1\\ENG 4560 - Aula 1 - Introdu\u00e7\u00e3o e apresenta\u00e7\u00e3o.md": 1776024805.8515894,
  "Aulas\\2\\ENG 4560 - Aula 2A - Sprint Planning 1 e Trello.md": 1776015799.830514,
  "Aulas\\2\\README.md": 1774528115.4526157,
  "Aulas\\2\\Aula2_Preparacao_Dados\\notebook.md": 1776035881.5953548,
  "Aulas\\2\\ENG 4560 - Aula 2 - Alunos\\notebook.md": 1776035890.093688,
  "Aulas\\3\\ENG 4010 - Aula 3B - EAP e Cronograma - 2026_1.md": 1776018408.76484,
  "Aulas\\3\\ENG 4560 - Aula 3 - Modelagem matem\u00e1tica (Parte 1).md": 1776021184.0144682,
  "Aulas\\3\\README.md": 1776119147.9810278,
  "Aulas\\3\\Aula3_Modelagem_MILP\\notebook.md": 1776035907.0425432,
  "Aulas\\3\\ENG_4560_Aula_3_Modelagem_matem\u00e1tica_(Parte_1)_Alunos_2026_1\\notebook.md": 1776035895.2340386,
  "Aulas\\4\\ENG 4010 - Aula 4B - Canvas e \u00c9N\u00e3o\u00c9.md": 1776017616.2427907,
  "Aulas\\4\\ENG 4560 - Aula 4 - Modelagem matem\u00e1tica (Parte 2).md": 1776019511.3102956,
  "Aulas\\4\\README.md": 1776119187.3643215,
  "Aulas\\4\\Aula4_Modelagem_MILP_Parte2\\notebook.md": 1776119276.36668,
  "Aulas\\4\\ENG_4560_Aula_4_Modelagem_matem\u00e1tica_(Parte_2)_Alunos\\notebook.md": 1776304049.084309,
  "Aulas\\5\\ENG 4560 - Aula 5 - Acompanhamento Sprint 1.md": 1776014939.9323692,
  "Aulas\\5\\README.md": 1776119199.852628,
  "Aulas\\1\\ENG 4560 - Aula 1 - Introdu\u00e7\u00e3o e apresenta\u00e7\u00e3o.pdf": 1773922197.877394,
  "Aulas\\2\\ENG 4560 - Aula 2A - Sprint Planning 1 e Trello.pdf": 1773922189.9736085,
  "Aulas\\3\\ENG 4010 - Aula 3B - EAP e Cronograma - 2026_1.pdf": 1773953820.9137292,
  "Aulas\\3\\ENG 4560 - Aula 3 - Modelagem matem\u00e1tica (Parte 1).pdf": 1773922178.1305163,
  "Aulas\\4\\ENG 4010 - Aula 4B - Canvas e \u00c9N\u00e3o\u00c9.pdf": 1774527795.961438,
  "Aulas\\4\\ENG 4560 - Aula 4 - Modelagem matem\u00e1tica (Parte 2).pdf": 1774527805.3267918,
  "Aulas\\5\\ENG 4560 - Aula 5 - Acompanhamento Sprint 1.pdf": 1776012149.0367072,
  "EAP.jpg": 1776013282.576544,
  "Aulas\\2\\Aula2_Preparacao_Dados\\images\\notebook_12_0.png": 1776035881.2115395,
  "Aulas\\2\\Aula2_Preparacao_Dados\\images\\notebook_18_0.png": 1776035881.2145755,
  "Aulas\\2\\Aula2_Preparacao_Dados\\images\\notebook_18_1.png": 1776035881.2186162,
  "Aulas\\2\\Aula2_Preparacao_Dados\\images\\notebook_18_2.png": 1776035881.220635,
  "Aulas\\2\\Aula2_Preparacao_Dados\\images\\notebook_18_3.png": 1776035881.2266853,
  "Aulas\\2\\Aula2_Preparacao_Dados\\images\\notebook_9_0.png": 1776035881.2075033,
  "Aulas\\2\\ENG 4560 - Aula 2 - Alunos\\images\\notebook_12_0.png": 1776035889.974223,
  "Aulas\\2\\ENG 4560 - Aula 2 - Alunos\\images\\notebook_9_0.png": 1776035889.974223,
  "Aulas\\3\\Aula3_Modelagem_MILP\\images\\notebook_19_0.png": 1776035906.6500008,
  "Aulas\\4\\Aula4_Modelagem_MILP_Parte2\\images\\notebook_18_0.png": 1776119269.714582,
  "Aulas\\4\\Aula4_Modelagem_MILP_Parte2\\images\\notebook_29_0.png": 1776119269.714582,
  "Aulas\\4\\Aula4_Modelagem_MILP_Parte2\\images\\notebook_32_0.png": 1776119269.716452,
  "Aulas\\4\\ENG_4560_Aula_4_Modelagem_matem\u00e1tica_(Parte_2)_Alunos\\images\\notebook_23_0.png": 1776035920.1635227
}