{
  "equipe": "Equipe 2 (Grupo 2)",
  "heuristic_initial": "NN",
  "instance": "C4",
  "perturbation_type": "double_bridge",
  "accept_criterion": "strict",
  "perturbation_k": 2,
  "n_iterations": 80,
  "seed": 42,
  "solution": [
    {
      "route_id": 1,
      "vehicle": "FIO",
      "route": [
        0,
        20,
        5,
        60,
        35,
        22,
        41,
        54,
        14,
        25,
        38,
        30,
        19,
        40,
        44,
        47,
        6,
        34,
        49,
        10,
        26,
        4,
        50,
        59,
        0
      ]
    },
    {
      "route_id": 2,
      "vehicle": "FIO",
      "route": [
        0,
        56,
        52,
        18,
        33,
        36,
        31,
        9,
        39,
        3,
        0
      ]
    },
    {
      "route_id": 3,
      "vehicle": "FIO",
      "route": [
        0,
        57,
        28,
        13,
        43,
        42,
        17,
        7,
        1,
        37,
        55,
        53,
        27,
        0
      ]
    },
    {
      "route_id": 4,
      "vehicle": "FIO",
      "route": [
        0,
        23,
        45,
        21,
        48,
        15,
        24,
        46,
        51,
        58,
        12,
        8,
        16,
        32,
        2,
        29,
        11,
        0
      ]
    }
  ],
  "metrics": {
    "n_routes": 4,
    "n_fio": 4,
    "n_vuc": 0,
    "total_distance_km": 255.4293633395578,
    "total_time_h": 21.385734083488945,
    "total_cost_rs": 1383.1440450093367,
    "feasible": true
  },
  "custo_baseline": 1409.997522778049,
  "custo_ils": 1383.1440450093367,
  "elapsed_sec": 22.92624568939209
}