{
  "heuristic": "CW",
  "instance": "C4",
  "criterion": "cost_per_client",
  "solution": [
    {
      "route_id": 1,
      "route": [
        0,
        4,
        26,
        10,
        49,
        19,
        40,
        34,
        6,
        47,
        44,
        25,
        38,
        30,
        14,
        54,
        41,
        22,
        43,
        42,
        17,
        1,
        7,
        37,
        55,
        53,
        27,
        0
      ],
      "vehicle": "FIO",
      "served_clients": [
        4,
        26,
        10,
        49,
        19,
        40,
        34,
        6,
        47,
        44,
        25,
        38,
        30,
        14,
        54,
        41,
        22,
        43,
        42,
        17,
        1,
        7,
        37,
        55,
        53,
        27
      ],
      "n_clients": 26,
      "load": 649.7610000000001,
      "distance_km": 54.99744435972814,
      "total_time_h": 7.874936108993204,
      "total_cost_rs": 332.4961665395922,
      "cost_per_client_rs": 12.788314097676622
    },
    {
      "route_id": 2,
      "route": [
        0,
        23,
        16,
        45,
        21,
        48,
        15,
        24,
        46,
        51,
        58,
        12,
        8,
        32,
        18,
        56,
        52,
        2,
        0
      ],
      "vehicle": "FIO",
      "served_clients": [
        23,
        16,
        45,
        21,
        48,
        15,
        24,
        46,
        51,
        58,
        12,
        8,
        32,
        18,
        56,
        52,
        2
      ],
      "n_clients": 17,
      "load": 539.4079999999999,
      "distance_km": 142.66387602924243,
      "total_time_h": 7.816596900731061,
      "total_cost_rs": 463.9958140438637,
      "cost_per_client_rs": 27.29387141434492
    },
    {
      "route_id": 3,
      "route": [
        0,
        33,
        36,
        31,
        50,
        59,
        9,
        39,
        3,
        57,
        28,
        13,
        35,
        60,
        5,
        20,
        29,
        11,
        0
      ],
      "vehicle": "VUC",
      "served_clients": [
        33,
        36,
        31,
        50,
        59,
        9,
        39,
        3,
        57,
        28,
        13,
        35,
        60,
        5,
        20,
        29,
        11
      ],
      "n_clients": 17,
      "load": 768.9459999999999,
      "distance_km": 42.60133267049888,
      "total_time_h": 5.315033316762472,
      "total_cost_rs": 613.9019990057483,
      "cost_per_client_rs": 36.11188229445578
    }
  ],
  "metrics": {
    "n_routes": 3,
    "n_fio": 2,
    "n_vuc": 1,
    "total_distance_km": 240.26265305946947,
    "total_cost_rs": 1410.3939795892043,
    "total_time_h": 21.006566326486734,
    "routes_violating_H": 0
  },
  "elapsed_s": 0.011105060577392578
}