{
  "heuristic": "NN",
  "instance": "C4",
  "criterion": "total_cost",
  "solution": [
    {
      "route_id": 1,
      "vehicle": "FIO",
      "route": [
        0,
        20,
        5,
        60,
        35,
        28,
        13,
        22,
        41,
        54,
        14,
        25,
        38,
        30,
        19,
        40,
        34,
        6,
        47,
        44,
        49,
        10,
        26,
        4,
        50,
        59,
        9,
        0
      ],
      "served_clients": [
        20,
        5,
        60,
        35,
        28,
        13,
        22,
        41,
        54,
        14,
        25,
        38,
        30,
        19,
        40,
        34,
        6,
        47,
        44,
        49,
        10,
        26,
        4,
        50,
        59,
        9
      ],
      "n_clients": 26,
      "load": 639.4459999999999,
      "distance_km": 53.57412659099117,
      "total_cost_rs": 330.3611898864867,
      "cost_per_client_rs": 12.70619961101872,
      "total_time_h": 7.83935316477478
    },
    {
      "route_id": 2,
      "vehicle": "FIO",
      "route": [
        0,
        11,
        29,
        56,
        52,
        2,
        18,
        32,
        23,
        16,
        45,
        21,
        48,
        15,
        24,
        58,
        12,
        8,
        36,
        33,
        3,
        0
      ],
      "served_clients": [
        11,
        29,
        56,
        52,
        2,
        18,
        32,
        23,
        16,
        45,
        21,
        48,
        15,
        24,
        58,
        12,
        8,
        36,
        33,
        3
      ],
      "n_clients": 20,
      "load": 634.579,
      "distance_km": 114.55276061981746,
      "total_cost_rs": 421.8291409297262,
      "cost_per_client_rs": 21.09145704648631,
      "total_time_h": 7.863819015495436
    },
    {
      "route_id": 3,
      "vehicle": "FIO",
      "route": [
        0,
        57,
        39,
        31,
        43,
        42,
        55,
        53,
        37,
        17,
        7,
        1,
        27,
        0
      ],
      "served_clients": [
        57,
        39,
        31,
        43,
        42,
        55,
        53,
        37,
        17,
        7,
        1,
        27
      ],
      "n_clients": 12,
      "load": 640.599,
      "distance_km": 47.905586012884974,
      "total_cost_rs": 321.85837901932746,
      "cost_per_client_rs": 26.821531584943955,
      "total_time_h": 4.197639650322124
    },
    {
      "route_id": 4,
      "vehicle": "FIO",
      "route": [
        0,
        51,
        46,
        0
      ],
      "served_clients": [
        51,
        46
      ],
      "n_clients": 2,
      "load": 43.491,
      "distance_km": 135.67130145208625,
      "total_cost_rs": 453.5069521781294,
      "cost_per_client_rs": 226.7534760890647,
      "total_time_h": 3.8917825363021565
    }
  ],
  "metrics": {
    "n_routes": 4,
    "n_fio": 4,
    "n_vuc": 0,
    "total_distance_km": 351.70377467577987,
    "total_cost_rs": 1527.55566201367,
    "total_time_h": 23.792594366894495,
    "routes_violating_H": 0
  },
  "elapsed_s": 0.01638197898864746
}