{
  "heuristic": "NN",
  "instance": "C3",
  "criterion": "cost_per_client",
  "solution": [
    {
      "route_id": 1,
      "vehicle": "FIO",
      "route": [
        0,
        20,
        5,
        35,
        28,
        13,
        22,
        14,
        25,
        38,
        30,
        19,
        40,
        34,
        6,
        10,
        26,
        4,
        9,
        39,
        3,
        33,
        36,
        31,
        11,
        29,
        0
      ],
      "served_clients": [
        20,
        5,
        35,
        28,
        13,
        22,
        14,
        25,
        38,
        30,
        19,
        40,
        34,
        6,
        10,
        26,
        4,
        9,
        39,
        3,
        33,
        36,
        31,
        11,
        29
      ],
      "n_clients": 25,
      "load": 620.0599999999998,
      "distance_km": 58.128715796644855,
      "total_cost_rs": 337.19307369496727,
      "cost_per_client_rs": 13.48772294779869,
      "total_time_h": 7.703217894916121
    },
    {
      "route_id": 2,
      "vehicle": "FIO",
      "route": [
        0,
        18,
        2,
        32,
        23,
        16,
        21,
        8,
        12,
        15,
        24,
        27,
        37,
        1,
        7,
        0
      ],
      "served_clients": [
        18,
        2,
        32,
        23,
        16,
        21,
        8,
        12,
        15,
        24,
        27,
        37,
        1,
        7
      ],
      "n_clients": 14,
      "load": 597.1639999999999,
      "distance_km": 134.2653986515267,
      "total_cost_rs": 451.39809797729004,
      "cost_per_client_rs": 32.24272128409215,
      "total_time_h": 6.856634966288167
    },
    {
      "route_id": 3,
      "vehicle": "FIO",
      "route": [
        0,
        17,
        0
      ],
      "served_clients": [
        17
      ],
      "n_clients": 1,
      "load": 78.03,
      "distance_km": 30.844579684778232,
      "total_cost_rs": 296.26686952716733,
      "cost_per_client_rs": 296.26686952716733,
      "total_time_h": 1.0211144921194557
    }
  ],
  "metrics": {
    "n_routes": 3,
    "n_fio": 3,
    "n_vuc": 0,
    "total_distance_km": 223.2386941329498,
    "total_cost_rs": 1084.8580411994246,
    "total_time_h": 15.580967353323743,
    "routes_violating_H": 0
  },
  "elapsed_s": 0.006705760955810547
}