{
  "heuristic": "CW",
  "instance": "C3",
  "criterion": "cost_per_client",
  "solution": [
    {
      "route_id": 1,
      "route": [
        0,
        33,
        36,
        31,
        9,
        39,
        3,
        28,
        4,
        26,
        10,
        6,
        34,
        40,
        19,
        30,
        38,
        25,
        14,
        17,
        1,
        7,
        37,
        27,
        22,
        13,
        0
      ],
      "vehicle": "VUC",
      "served_clients": [
        33,
        36,
        31,
        9,
        39,
        3,
        28,
        4,
        26,
        10,
        6,
        34,
        40,
        19,
        30,
        38,
        25,
        14,
        17,
        1,
        7,
        37,
        27,
        22,
        13
      ],
      "n_clients": 25,
      "load": 787.823,
      "distance_km": 62.62129791105229,
      "total_time_h": 7.815532447776308,
      "total_cost_rs": 643.9319468665784,
      "cost_per_client_rs": 25.757277874663135
    },
    {
      "route_id": 2,
      "route": [
        0,
        23,
        16,
        21,
        15,
        24,
        12,
        8,
        32,
        18,
        2,
        29,
        11,
        20,
        5,
        35,
        0
      ],
      "vehicle": "FIO",
      "served_clients": [
        23,
        16,
        21,
        15,
        24,
        12,
        8,
        32,
        18,
        2,
        29,
        11,
        20,
        5,
        35
      ],
      "n_clients": 15,
      "load": 507.431,
      "distance_km": 102.90741972535973,
      "total_time_h": 6.322685493133993,
      "total_cost_rs": 404.3611295880396,
      "cost_per_client_rs": 26.95740863920264
    }
  ],
  "metrics": {
    "n_routes": 2,
    "n_fio": 1,
    "n_vuc": 1,
    "total_distance_km": 165.528717636412,
    "total_cost_rs": 1048.2930764546181,
    "total_time_h": 14.138217940910302,
    "routes_violating_H": 0
  },
  "elapsed_s": 0.003405332565307617
}