{
  "heuristic_initial": "CW",
  "instance": "C2",
  "criterion": "total_cost",
  "pipeline": [
    "initial",
    "2-opt",
    "relocate",
    "swap"
  ],
  "solution": [
    {
      "route_id": 1,
      "vehicle": "FIO",
      "route": [
        0,
        23,
        16,
        21,
        15,
        24,
        12,
        8,
        18,
        2,
        11,
        0
      ]
    },
    {
      "route_id": 2,
      "vehicle": "FIO",
      "route": [
        0,
        3,
        9,
        4,
        10,
        6,
        19,
        25,
        14,
        1,
        7,
        17,
        22,
        13,
        5,
        20,
        0
      ]
    }
  ],
  "metrics": {
    "n_routes": 2,
    "n_fio": 2,
    "n_vuc": 0,
    "total_distance_km": 141.3672082693696,
    "total_cost_rs": 712.0508124040543,
    "total_time_h": 9.784180206734241,
    "capacity_violations": 0,
    "time_violations": 0
  },
  "elapsed_s": {
    "2opt": 0.005561113357543945,
    "relocate": 0.0215911865234375,
    "swap": 0.009216070175170898
  }
}